{"locations": [{"distance": 6, "city": "Москва", "place": "Набережная", "id": 1, "country": "Аргентина"}, {"distance": 80, "city": "Новоламск", "place": "Переулок", "id": 2, "country": "Лаос"}, {"distance": 98, "city": "Амстерлёв", "place": "Дерево", "id": 3, "country": "ЮАР"}, {"distance": 63, "city": "Санктелона", "place": "Здание", "id": 4, "country": "Россия"}, {"distance": 61, "city": "Санктгород", "place": "Дом", "id": 5, "country": "Индонезия"}, {"distance": 32, "city": "Зеленодам", "place": "Улица", "id": 6, "country": "Япония"}, {"distance": 71, "city": "Варква", "place": "Улочка", "id": 7, "country": "Камбоджа"}, {"distance": 1, "city": "Лейпбирск", "place": "Улочка", "id": 8, "country": "Бруней"}, {"distance": 77, "city": "Лиссариж", "place": "Могила", "id": 9, "country": "Вьетнам"}, {"distance": 61, "city": "Варсинки", "place": "Улица", "id": 10, "country": "Монголия"}, {"distance": 72, "city": "Лесобон", "place": "Двор", "id": 11, "country": "Литва"}, {"distance": 38, "city": "Лесогород", "place": "Магазин", "id": 12, "country": "Румыния"}, {"distance": 48, "city": "Варелона", "place": "Статуя", "id": 13, "country": "Турция"}, {"distance": 43, "city": "Мосомск", "place": "Гора", "id": 14, "country": "Фиджи"}, {"distance": 36, "city": "Кроновск", "place": "Замок", "id": 15, "country": "Индия"}, {"distance": 12, "city": "Лесобирск", "place": "Скала", "id": 16, "country": "Венгрия"}, {"distance": 52, "city": "Мурбург", "place": "Дерево", "id": 17, "country": "Палау"}, {"distance": 75, "city": "Барсбон", "place": "Мост", "id": 18, "country": "Египет"}, {"distance": 52, "city": "Лиссаламск", "place": "Дача", "id": 19, "country": "Вьетнам"}, {"distance": 83, "city": "Амстерелона", "place": "Аэропорт", "id": 20, "country": "Сейшелы"}, {"distance": 69, "city": "Волостан", "place": "Двор", "id": 21, "country": "Фиджи"}, {"distance": 79, "city": "Новодам", "place": "Статуя", "id": 22, "country": "Новая зеландия"}, {"distance": 51, "city": "Барсинск", "place": "Статуя", "id": 23, "country": "Уругвай"}, {"distance": 63, "city": "Краснобон", "place": "Озеро", "id": 24, "country": "Чили"}, {"distance": 47, "city": "Муранск", "place": "Забор", "id": 25, "country": "Венесуэлла"}, {"distance": 100, "city": "Ньюбирск", "place": "Море", "id": 26, "country": "Лаос"}, {"distance": 77, "city": "Санктриж", "place": "Набережная", "id": 27, "country": "Индия"}, {"distance": 76, "city": "Варбург", "place": "Уступ", "id": 28, "country": "Армения"}, {"distance": 56, "city": "Белинск", "place": "Могила", "id": 29, "country": "Австралия"}, {"distance": 9, "city": "Амстератск", "place": "Дорожка", "id": 30, "country": "Коста-Рика"}, {"distance": 2, "city": "Новоламск", "place": "Статуя", "id": 31, "country": "Индонезия"}, {"distance": 40, "city": "Лейпква", "place": "Набережная", "id": 32, "country": "Венгрия"}, {"distance": 14, "city": "Роттергород", "place": "Море", "id": 33, "country": "Маврикий"}, {"distance": 40, "city": "Зеленосинки", "place": "Набережная", "id": 34, "country": "Белоруссия"}, {"distance": 65, "city": "Лейпово", "place": "Море", "id": 35, "country": "Фиджи"}, {"distance": 86, "city": "Мосбург", "place": "Дорожка", "id": 36, "country": "Белоруссия"}, {"distance": 93, "city": "Лейпатск", "place": "Замок", "id": 37, "country": "Мальдивы"}, {"distance": 73, "city": "Волобон", "place": "Ручей", "id": 38, "country": "Белоруссия"}, {"distance": 1, "city": "Ньюелона", "place": "Дача", "id": 39, "country": "Монголия"}, {"distance": 68, "city": "Красноштадт", "place": "Фонтан", "id": 40, "country": "Украина"}, {"distance": 93, "city": "Мосбирск", "place": "Ратуша", "id": 41, "country": "Бразилия"}, {"distance": 29, "city": "Белград", "place": "Речка", "id": 42, "country": "Фиджи"}, {"distance": 12, "city": "Кроновск", "place": "Поместье", "id": 43, "country": "Великобритания"}, {"distance": 75, "city": "Красногама", "place": "Фонарь", "id": 44, "country": "Монголия"}, {"distance": 68, "city": "Санктсинки", "place": "Забор", "id": 45, "country": "Палау"}, {"distance": 68, "city": "Лесогород", "place": "Магазин", "id": 46, "country": "Болгария"}, {"distance": 23, "city": "Варинск", "place": "Ратуша", "id": 47, "country": "Болгария"}, {"distance": 28, "city": "Вардам", "place": "Ресторан", "id": 48, "country": "Венгрия"}, {"distance": 94, "city": "Санктград", "place": "Лес", "id": 49, "country": "Китай"}, {"distance": 31, "city": "Санктгород", "place": "Дача", "id": 50, "country": "Турция"}, {"distance": 12, "city": "Белатск", "place": "Лес", "id": 51, "country": "Италия"}, {"distance": 10, "city": "Красноомск", "place": "Парк", "id": 52, "country": "Болгария"}, {"distance": 6, "city": "Лесоатск", "place": "Фонтан", "id": 53, "country": "Латвия"}, {"distance": 77, "city": "Лейпштадт", "place": "Дача", "id": 54, "country": "Палау"}, {"distance": 81, "city": "Амстерярск", "place": "Гараж", "id": 55, "country": "Исландия"}, {"distance": 52, "city": "Роттербург", "place": "Ресторан", "id": 56, "country": "Норвегия"}, {"distance": 74, "city": "Лесолёв", "place": "Забор", "id": 57, "country": "Мальдивы"}, {"distance": 88, "city": "Кроновск", "place": "Поместье", "id": 58, "country": "ЮАР"}, {"distance": 65, "city": "Лесоомск", "place": "Гараж", "id": 59, "country": "Бразилия"}, {"distance": 86, "city": "Санктинск", "place": "Уступ", "id": 60, "country": "Украина"}, {"distance": 23, "city": "Кронинск", "place": "Дерево", "id": 61, "country": "Уругвай"}, {"distance": 33, "city": "Мурград", "place": "Серпантин", "id": 62, "country": "Турция"}, {"distance": 42, "city": "Амстерламск", "place": "Серпантин", "id": 63, "country": "Австралия"}, {"distance": 51, "city": "Барсярск", "place": "Аэропорт", "id": 64, "country": "Россия"}, {"distance": 19, "city": "Лесоква", "place": "Фонтан", "id": 65, "country": "Финляндия"}, {"distance": 64, "city": "Волоанск", "place": "Парк", "id": 66, "country": "Япония"}, {"distance": 42, "city": "Зеленоштадт", "place": "Офис", "id": 67, "country": "Румыния"}, {"distance": 72, "city": "Роттеранск", "place": "Дерево", "id": 68, "country": "Мальта"}, {"distance": 60, "city": "Ньюатск", "place": "Парк", "id": 69, "country": "Малайзия"}, {"distance": 41, "city": "Варово", "place": "Скала", "id": 70, "country": "Таиланд"}, {"distance": 10, "city": "Ньюелона", "place": "Дерево", "id": 71, "country": "Вьетнам"}, {"distance": 41, "city": "Варгама", "place": "Пруд", "id": 72, "country": "Эстония"}, {"distance": 47, "city": "Лейпатск", "place": "Серпантин", "id": 73, "country": "Новая зеландия"}, {"distance": 68, "city": "Варбург", "place": "Скала", "id": 74, "country": "Фиджи"}, {"distance": 86, "city": "Варинск", "place": "Лес", "id": 75, "country": "Румыния"}, {"distance": 70, "city": "Краснолёв", "place": "Пристань", "id": 76, "country": "Украина"}, {"distance": 54, "city": "Ньюсинки", "place": "Статуя", "id": 77, "country": "Канада"}, {"distance": 38, "city": "Росово", "place": "Улочка", "id": 78, "country": "Турция"}, {"distance": 98, "city": "Мосгород", "place": "Дом", "id": 79, "country": "Австралия"}, {"distance": 13, "city": "Рослёв", "place": "Речка", "id": 80, "country": "Эстония"}, {"distance": 12, "city": "Белриж", "place": "Серпантин", "id": 81, "country": "Фиджи"}, {"distance": 35, "city": "Лесоинск", "place": "Лес", "id": 82, "country": "ЮАР"}, {"distance": 99, "city": "Лиссаинск", "place": "Фонарь", "id": 83, "country": "Австралия"}, {"distance": 8, "city": "Белинск", "place": "Площадь", "id": 84, "country": "Россия"}, {"distance": 78, "city": "Амстерярск", "place": "Дом", "id": 85, "country": "Бразилия"}, {"distance": 57, "city": "Барсштадт", "place": "Пруд", "id": 86, "country": "Бразилия"}, {"distance": 48, "city": "Санктово", "place": "Улочка", "id": 87, "country": "Малайзия"}, {"distance": 74, "city": "Белламск", "place": "Уступ", "id": 88, "country": "Бразилия"}, {"distance": 84, "city": "Красноламск", "place": "Серпантин", "id": 89, "country": "Италия"}, {"distance": 72, "city": "Ньюсинки", "place": "Уступ", "id": 90, "country": "Мальдивы"}, {"distance": 2, "city": "Ньюгама", "place": "Гора", "id": 91, "country": "Камбоджа"}, {"distance": 16, "city": "Мосгород", "place": "Дерево", "id": 92, "country": "Румыния"}, {"distance": 26, "city": "Барсовск", "place": "Пристань", "id": 93, "country": "Коста-Рика"}, {"distance": 23, "city": "Росдорф", "place": "Улочка", "id": 94, "country": "Бразилия"}, {"distance": 47, "city": "Мосанск", "place": "Уступ", "id": 95, "country": "Сейшелы"}, {"distance": 58, "city": "Лейпдорф", "place": "Офис", "id": 96, "country": "Уругвай"}, {"distance": 41, "city": "Новоелона", "place": "Море", "id": 97, "country": "Монголия"}, {"distance": 26, "city": "Муринск", "place": "Фонарь", "id": 98, "country": "Иордания"}, {"distance": 29, "city": "Варгама", "place": "Серпантин", "id": 99, "country": "Греция"}, {"distance": 100, "city": "Барсгород", "place": "Улочка", "id": 100, "country": "Нидерланды"}, {"distance": 20, "city": "Новоомск", "place": "Уступ", "id": 101, "country": "Норвегия"}, {"distance": 89, "city": "Варанск", "place": "Магазин", "id": 102, "country": "Сейшелы"}, {"distance": 94, "city": "Мосовск", "place": "Дорожка", "id": 103, "country": "Турция"}, {"distance": 34, "city": "Мурриж", "place": "Ратуша", "id": 104, "country": "Мальдивы"}, {"distance": 32, "city": "Крондорф", "place": "Двор", "id": 105, "country": "Египет"}, {"distance": 70, "city": "Росбирск", "place": "Дом", "id": 106, "country": "Бразилия"}, {"distance": 44, "city": "Амстербон", "place": "Море", "id": 107, "country": "Белоруссия"}, {"distance": 13, "city": "Варгама", "place": "Пруд", "id": 108, "country": "Швеция"}, {"distance": 95, "city": "Варомск", "place": "Переулок", "id": 109, "country": "Бразилия"}, {"distance": 22, "city": "Ньюомск", "place": "Набережная", "id": 110, "country": "Таиланд"}, {"distance": 100, "city": "Лиссаово", "place": "Дорожка", "id": 111, "country": "Исландия"}, {"distance": 14, "city": "Зеленоква", "place": "Улочка", "id": 112, "country": "Латвия"}, {"distance": 23, "city": "Варсинки", "place": "Улица", "id": 113, "country": "Латвия"}, {"distance": 89, "city": "Новодорф", "place": "Лес", "id": 114, "country": "Бразилия"}, {"distance": 86, "city": "Зеленоовск", "place": "Аэропорт", "id": 115, "country": "Литва"}, {"distance": 51, "city": "Ньюриж", "place": "Речка", "id": 116, "country": "Мальта"}, {"distance": 85, "city": "Санктламск", "place": "Улица", "id": 117, "country": "Нидерланды"}, {"distance": 99, "city": "Новодам", "place": "Дом", "id": 118, "country": "Китай"}, {"distance": 96, "city": "Зеленодорф", "place": "Дорожка", "id": 119, "country": "Япония"}, {"distance": 10, "city": "Муратск", "place": "Пруд", "id": 120, "country": "Мальта"}, {"distance": 88, "city": "Ньюинск", "place": "Аэропорт", "id": 121, "country": "Иордания"}, {"distance": 38, "city": "Барсинск", "place": "Пруд", "id": 122, "country": "Франция"}, {"distance": 91, "city": "Лиссастан", "place": "Улица", "id": 123, "country": "Сейшелы"}, {"distance": 44, "city": "Роттердорф", "place": "Мост", "id": 124, "country": "Испания"}, {"distance": 36, "city": "Новобирск", "place": "Улочка", "id": 125, "country": "Аргентина"}, {"distance": 22, "city": "Роттерква", "place": "Улица", "id": 126, "country": "Румыния"}, {"distance": 31, "city": "Кронламск", "place": "Дом", "id": 127, "country": "Мальта"}, {"distance": 48, "city": "Ньюярск", "place": "Замок", "id": 128, "country": "Норвегия"}, {"distance": 88, "city": "Лесолёв", "place": "Здание", "id": 129, "country": "Камбоджа"}, {"distance": 61, "city": "Лейпква", "place": "Ручей", "id": 130, "country": "Чили"}, {"distance": 11, "city": "Роттердорф", "place": "Забор", "id": 131, "country": "Румыния"}, {"distance": 24, "city": "Санктовск", "place": "Дом", "id": 132, "country": "Белоруссия"}, {"distance": 37, "city": "Ньюбон", "place": "Скала", "id": 133, "country": "Мальта"}, {"distance": 42, "city": "Лиссабон", "place": "Замок", "id": 134, "country": "Эстония"}, {"distance": 95, "city": "Варбирск", "place": "Статуя", "id": 135, "country": "Коста-Рика"}, {"distance": 78, "city": "Барселона", "place": "Море", "id": 136, "country": "Россия"}, {"distance": 12, "city": "Лиссаярск", "place": "Дача", "id": 137, "country": "Израиль"}, {"distance": 75, "city": "Росинск", "place": "Дом", "id": 138, "country": "Исландия"}, {"distance": 53, "city": "Мурква", "place": "Замок", "id": 139, "country": "США"}, {"distance": 97, "city": "Мосдорф", "place": "Гора", "id": 140, "country": "Китай"}, {"distance": 73, "city": "Ньюдорф", "place": "Ресторан", "id": 141, "country": "Китай"}, {"distance": 5, "city": "Росбон", "place": "Площадь", "id": 142, "country": "Египет"}, {"distance": 63, "city": "Кронбирск", "place": "Статуя", "id": 143, "country": "Румыния"}, {"distance": 28, "city": "Краснобон", "place": "Ресторан", "id": 144, "country": "Аргентина"}, {"distance": 73, "city": "Лиссабон", "place": "Фонтан", "id": 145, "country": "Австралия"}, {"distance": 82, "city": "Амстерриж", "place": "Ратуша", "id": 146, "country": "Япония"}, {"distance": 10, "city": "Лесостан", "place": "Офис", "id": 147, "country": "Болгария"}, {"distance": 85, "city": "Волобург", "place": "Забор", "id": 148, "country": "Великобритания"}, {"distance": 93, "city": "Мурбург", "place": "Парк", "id": 149, "country": "Малайзия"}, {"distance": 51, "city": "Роттерштадт", "place": "Статуя", "id": 150, "country": "Иордания"}, {"distance": 2, "city": "Ньюламск", "place": "Дорожка", "id": 151, "country": "Франция"}, {"distance": 100, "city": "Амстеранск", "place": "Дом", "id": 152, "country": "Лаос"}, {"distance": 83, "city": "Белгама", "place": "Двор", "id": 153, "country": "Парагвай"}, {"distance": 66, "city": "Ньюлёв", "place": "Море", "id": 154, "country": "ЮАР"}, {"distance": 83, "city": "Амстерриж", "place": "Фонтан", "id": 155, "country": "Литва"}, {"distance": 48, "city": "Амстератск", "place": "Озеро", "id": 156, "country": "Мальта"}, {"distance": 29, "city": "Варелона", "place": "Уступ", "id": 157, "country": "Непал"}, {"distance": 6, "city": "Беломск", "place": "Здание", "id": 158, "country": "Таиланд"}, {"distance": 77, "city": "Лейприж", "place": "Дерево", "id": 159, "country": "Мальта"}, {"distance": 53, "city": "Мосстан", "place": "Уступ", "id": 160, "country": "Болгария"}, {"distance": 49, "city": "Варбон", "place": "Улица", "id": 161, "country": "Грузия"}, {"distance": 61, "city": "Лесоелона", "place": "Поместье", "id": 162, "country": "Дания"}, {"distance": 74, "city": "Лиссагород", "place": "Улица", "id": 163, "country": "Норвегия"}, {"distance": 54, "city": "Ньюомск", "place": "Набережная", "id": 164, "country": "Латвия"}, {"distance": 57, "city": "Амстератск", "place": "Двор", "id": 165, "country": "Норвегия"}, {"distance": 87, "city": "Зеленогама", "place": "Ратуша", "id": 166, "country": "Индонезия"}, {"distance": 6, "city": "Лейпбирск", "place": "Дом", "id": 167, "country": "Сейшелы"}, {"distance": 41, "city": "Кронлёв", "place": "Могила", "id": 168, "country": "Нидерланды"}, {"distance": 42, "city": "Лиссабон", "place": "Дорожка", "id": 169, "country": "Мальдивы"}, {"distance": 15, "city": "Лиссаярск", "place": "Дорожка", "id": 170, "country": "Израиль"}, {"distance": 43, "city": "Варламск", "place": "Замок", "id": 171, "country": "Венгрия"}, {"distance": 9, "city": "Новобон", "place": "Гараж", "id": 172, "country": "Таиланд"}, {"distance": 58, "city": "Лесобирск", "place": "Фонарь", "id": 173, "country": "ЮАР"}, {"distance": 45, "city": "Санктгород", "place": "Переулок", "id": 174, "country": "Армения"}, {"distance": 35, "city": "Варярск", "place": "Забор", "id": 175, "country": "Германия"}, {"distance": 52, "city": "Белдам", "place": "Парк", "id": 176, "country": "Италия"}, {"distance": 79, "city": "Варярск", "place": "Ручей", "id": 177, "country": "Пакистан"}, {"distance": 4, "city": "Варелона", "place": "Аэропорт", "id": 178, "country": "Казахстан"}, {"distance": 54, "city": "Мосламск", "place": "Забор", "id": 179, "country": "Мальдивы"}, {"distance": 10, "city": "Мурлёв", "place": "Улочка", "id": 180, "country": "Индия"}, {"distance": 80, "city": "Амстербирск", "place": "Море", "id": 181, "country": "Китай"}, {"distance": 74, "city": "Кронбирск", "place": "Речка", "id": 182, "country": "Фиджи"}, {"distance": 2, "city": "Беломск", "place": "Замок", "id": 183, "country": "Бразилия"}, {"distance": 28, "city": "Кронатск", "place": "Площадь", "id": 184, "country": "Иордания"}, {"distance": 17, "city": "Лесоанск", "place": "Набережная", "id": 185, "country": "Норвегия"}, {"distance": 96, "city": "Зеленоштадт", "place": "Статуя", "id": 186, "country": "Лаос"}, {"distance": 6, "city": "Белярск", "place": "Пристань", "id": 187, "country": "Финляндия"}, {"distance": 79, "city": "Белбон", "place": "Скала", "id": 188, "country": "Венгрия"}, {"distance": 83, "city": "Мосриж", "place": "Забор", "id": 189, "country": "Палау"}, {"distance": 55, "city": "Варатск", "place": "Поместье", "id": 190, "country": "Египет"}, {"distance": 24, "city": "Лейпсинки", "place": "Пруд", "id": 191, "country": "Бруней"}, {"distance": 25, "city": "Росово", "place": "Дом", "id": 192, "country": "США"}, {"distance": 7, "city": "Санктомск", "place": "Фонтан", "id": 193, "country": "Греция"}, {"distance": 60, "city": "Барсква", "place": "Поместье", "id": 194, "country": "Египет"}, {"distance": 39, "city": "Лиссагама", "place": "Фонарь", "id": 195, "country": "Испания"}, {"distance": 32, "city": "Красногород", "place": "Двор", "id": 196, "country": "Вьетнам"}, {"distance": 24, "city": "Зеленогама", "place": "Уступ", "id": 197, "country": "Малайзия"}, {"distance": 63, "city": "Санктлёв", "place": "Площадь", "id": 198, "country": "Украина"}, {"distance": 2, "city": "Зеленоламск", "place": "Море", "id": 199, "country": "Италия"}, {"distance": 88, "city": "Лесостан", "place": "Речка", "id": 200, "country": "Россия"}, {"distance": 9, "city": "Лейпомск", "place": "Ратуша", "id": 201, "country": "Шри-Ланка"}, {"distance": 62, "city": "Санктград", "place": "Поместье", "id": 202, "country": "Канада"}, {"distance": 1, "city": "Ньюовск", "place": "Пруд", "id": 203, "country": "Палау"}, {"distance": 98, "city": "Варбирск", "place": "Магазин", "id": 204, "country": "Фиджи"}, {"distance": 22, "city": "Амстерламск", "place": "Дерево", "id": 205, "country": "Мальта"}, {"distance": 13, "city": "Волобург", "place": "Дача", "id": 206, "country": "Израиль"}, {"distance": 88, "city": "Лейпово", "place": "Мост", "id": 207, "country": "Канада"}, {"distance": 39, "city": "Мослёв", "place": "Озеро", "id": 208, "country": "Малайзия"}, {"distance": 86, "city": "Лейпламск", "place": "Речка", "id": 209, "country": "Малайзия"}, {"distance": 44, "city": "Росламск", "place": "Ручей", "id": 210, "country": "Шри-Ланка"}, {"distance": 36, "city": "Роттерква", "place": "Склон", "id": 211, "country": "Вьетнам"}, {"distance": 62, "city": "Кронстан", "place": "Замок", "id": 212, "country": "Венгрия"}, {"distance": 9, "city": "Волоярск", "place": "Магазин", "id": 213, "country": "ЮАР"}, {"distance": 78, "city": "Лиссаград", "place": "Офис", "id": 214, "country": "Венгрия"}, {"distance": 86, "city": "Лейпатск", "place": "Склон", "id": 215, "country": "Норвегия"}, {"distance": 52, "city": "Лейпштадт", "place": "Дом", "id": 216, "country": "Румыния"}, {"distance": 25, "city": "Лиссадорф", "place": "Мост", "id": 217, "country": "ЮАР"}, {"distance": 49, "city": "Амстеровск", "place": "Пристань", "id": 218, "country": "Эстония"}, {"distance": 71, "city": "Росриж", "place": "Здание", "id": 219, "country": "Мальдивы"}, {"distance": 44, "city": "Варовск", "place": "Дорожка", "id": 220, "country": "Венесуэлла"}, {"distance": 4, "city": "Мурдорф", "place": "Дорожка", "id": 221, "country": "Аргентина"}, {"distance": 38, "city": "Зеленогама", "place": "Озеро", "id": 222, "country": "Белоруссия"}, {"distance": 50, "city": "Лиссаанск", "place": "Забор", "id": 223, "country": "Дания"}, {"distance": 58, "city": "Лиссаярск", "place": "Уступ", "id": 224, "country": "Белоруссия"}, {"distance": 46, "city": "Варква", "place": "Дорожка", "id": 225, "country": "Нидерланды"}, {"distance": 32, "city": "Лесогород", "place": "Парк", "id": 226, "country": "Бруней"}, {"distance": 32, "city": "Роттерриж", "place": "Парк", "id": 227, "country": "Украина"}, {"distance": 57, "city": "Амстерярск", "place": "Улочка", "id": 228, "country": "Чили"}, {"distance": 60, "city": "Красноштадт", "place": "Парк", "id": 229, "country": "Швеция"}, {"distance": 62, "city": "Лесобирск", "place": "Гора", "id": 230, "country": "Иордания"}, {"distance": 24, "city": "Росгама", "place": "Забор", "id": 231, "country": "Мальта"}, {"distance": 58, "city": "Мосштадт", "place": "Гараж", "id": 232, "country": "Парагвай"}, {"distance": 88, "city": "Лиссабирск", "place": "Дерево", "id": 233, "country": "Чили"}, {"distance": 88, "city": "Кронатск", "place": "Аэропорт", "id": 234, "country": "Уругвай"}, {"distance": 58, "city": "Мурбург", "place": "Уступ", "id": 235, "country": "США"}, {"distance": 97, "city": "Ньюатск", "place": "Пристань", "id": 236, "country": "Болгария"}, {"distance": 65, "city": "Зеленостан", "place": "Улица", "id": 237, "country": "Египет"}, {"distance": 34, "city": "Новоква", "place": "Склон", "id": 238, "country": "Белоруссия"}, {"distance": 49, "city": "Барсанск", "place": "Забор", "id": 239, "country": "Бруней"}, {"distance": 77, "city": "Лейпбург", "place": "Уступ", "id": 240, "country": "Мальта"}, {"distance": 70, "city": "Мосбург", "place": "Поместье", "id": 241, "country": "Греция"}, {"distance": 34, "city": "Володам", "place": "Дом", "id": 242, "country": "Дания"}, {"distance": 27, "city": "Амстерква", "place": "Гараж", "id": 243, "country": "Испания"}, {"distance": 1, "city": "Лиссаштадт", "place": "Уступ", "id": 244, "country": "Дания"}, {"distance": 28, "city": "Белдам", "place": "Ратуша", "id": 245, "country": "Канада"}, {"distance": 13, "city": "Амстеровск", "place": "Поместье", "id": 246, "country": "Пакистан"}, {"distance": 85, "city": "Амстерштадт", "place": "Могила", "id": 247, "country": "Япония"}, {"distance": 40, "city": "Варовск", "place": "Аэропорт", "id": 248, "country": "Китай"}, {"distance": 21, "city": "Зеленодорф", "place": "Скала", "id": 249, "country": "Германия"}, {"distance": 2, "city": "Вололамск", "place": "Двор", "id": 250, "country": "Мальдивы"}, {"distance": 71, "city": "Лиссаовск", "place": "Ратуша", "id": 251, "country": "ЮАР"}, {"distance": 25, "city": "Варстан", "place": "Дом", "id": 252, "country": "Казахстан"}, {"distance": 46, "city": "Лиссастан", "place": "Фонарь", "id": 253, "country": "Монголия"}, {"distance": 63, "city": "Амстердорф", "place": "Дорожка", "id": 254, "country": "Швейцария"}, {"distance": 74, "city": "Роселона", "place": "Скала", "id": 255, "country": "Индия"}, {"distance": 50, "city": "Лесоомск", "place": "Мост", "id": 256, "country": "Шри-Ланка"}, {"distance": 22, "city": "Лейпелона", "place": "Ручей", "id": 257, "country": "Япония"}, {"distance": 92, "city": "Зеленоанск", "place": "Двор", "id": 258, "country": "Монголия"}, {"distance": 9, "city": "Мосламск", "place": "Могила", "id": 259, "country": "Израиль"}, {"distance": 29, "city": "Варомск", "place": "Дача", "id": 260, "country": "Исландия"}, {"distance": 55, "city": "Варштадт", "place": "Аэропорт", "id": 261, "country": "Германия"}, {"distance": 25, "city": "Белово", "place": "Офис", "id": 262, "country": "Швейцария"}, {"distance": 17, "city": "Белламск", "place": "Здание", "id": 263, "country": "Болгария"}, {"distance": 33, "city": "Красноово", "place": "Скала", "id": 264, "country": "Исландия"}, {"distance": 49, "city": "Белштадт", "place": "Дача", "id": 265, "country": "Мальта"}, {"distance": 4, "city": "Лесобург", "place": "Поместье", "id": 266, "country": "Израиль"}, {"distance": 58, "city": "Росбург", "place": "Дом", "id": 267, "country": "Норвегия"}, {"distance": 39, "city": "Муринск", "place": "Лес", "id": 268, "country": "Вьетнам"}, {"distance": 65, "city": "Санктомск", "place": "Дорожка", "id": 269, "country": "Новая зеландия"}, {"distance": 3, "city": "Зеленосинки", "place": "Могила", "id": 270, "country": "Бразилия"}, {"distance": 42, "city": "Волоелона", "place": "Ратуша", "id": 271, "country": "Шри-Ланка"}, {"distance": 71, "city": "Ньюламск", "place": "Речка", "id": 272, "country": "Италия"}, {"distance": 27, "city": "Росбирск", "place": "Склон", "id": 273, "country": "Парагвай"}, {"distance": 97, "city": "Зеленоярск", "place": "Парк", "id": 274, "country": "Италия"}, {"distance": 68, "city": "Крондам", "place": "Ратуша", "id": 275, "country": "Шри-Ланка"}, {"distance": 78, "city": "Мосовск", "place": "Серпантин", "id": 276, "country": "Непал"}, {"distance": 33, "city": "Барсриж", "place": "Переулок", "id": 277, "country": "Непал"}, {"distance": 11, "city": "Барсомск", "place": "Море", "id": 278, "country": "Австралия"}, {"distance": 37, "city": "Лесоелона", "place": "Склон", "id": 279, "country": "Франция"}, {"distance": 89, "city": "Красносинки", "place": "Магазин", "id": 280, "country": "Эстония"}, {"distance": 54, "city": "Санктелона", "place": "Двор", "id": 281, "country": "Пакистан"}, {"distance": 19, "city": "Белштадт", "place": "Набережная", "id": 282, "country": "Нидерланды"}, {"distance": 37, "city": "Лиссаанск", "place": "Замок", "id": 283, "country": "Чили"}, {"distance": 43, "city": "Варгама", "place": "Море", "id": 284, "country": "Венесуэлла"}, {"distance": 8, "city": "Новобон", "place": "Набережная", "id": 285, "country": "Сейшелы"}, {"distance": 42, "city": "Волориж", "place": "Лес", "id": 286, "country": "США"}, {"distance": 59, "city": "Мурово", "place": "Ресторан", "id": 287, "country": "Венгрия"}, {"distance": 48, "city": "Варлёв", "place": "Море", "id": 288, "country": "Израиль"}, {"distance": 6, "city": "Лесоштадт", "place": "Здание", "id": 289, "country": "Франция"}, {"distance": 36, "city": "Краснодорф", "place": "Поместье", "id": 290, "country": "Эстония"}, {"distance": 46, "city": "Мурград", "place": "Пристань", "id": 291, "country": "Индия"}, {"distance": 44, "city": "Беллёв", "place": "Переулок", "id": 292, "country": "Германия"}, {"distance": 73, "city": "Амстеринск", "place": "Дерево", "id": 293, "country": "ЮАР"}, {"distance": 44, "city": "Белбон", "place": "Море", "id": 294, "country": "Турция"}, {"distance": 25, "city": "Мосбирск", "place": "Ручей", "id": 295, "country": "Таиланд"}, {"distance": 35, "city": "Лейпанск", "place": "Море", "id": 296, "country": "Индия"}, {"distance": 87, "city": "Кронламск", "place": "Площадь", "id": 297, "country": "Таиланд"}, {"distance": 21, "city": "Новоярск", "place": "Дерево", "id": 298, "country": "Литва"}, {"distance": 23, "city": "Роттеромск", "place": "Скала", "id": 299, "country": "Нидерланды"}, {"distance": 78, "city": "Лиссаква", "place": "Склон", "id": 300, "country": "Бруней"}, {"distance": 5, "city": "Кронриж", "place": "Переулок", "id": 301, "country": "Монголия"}, {"distance": 47, "city": "Лейпсинки", "place": "Речка", "id": 302, "country": "Италия"}, {"distance": 77, "city": "Мосовск", "place": "Фонтан", "id": 303, "country": "Аргентина"}, {"distance": 46, "city": "Моселона", "place": "Дерево", "id": 304, "country": "США"}, {"distance": 93, "city": "Лесосинки", "place": "Фонарь", "id": 305, "country": "Мальта"}, {"distance": 43, "city": "Белатск", "place": "Набережная", "id": 306, "country": "Турция"}, {"distance": 97, "city": "Барсбирск", "place": "Улица", "id": 307, "country": "Сейшелы"}, {"distance": 55, "city": "Барсбирск", "place": "Ратуша", "id": 308, "country": "ЮАР"}, {"distance": 25, "city": "Красногород", "place": "Скала", "id": 309, "country": "Эстония"}, {"distance": 63, "city": "Росово", "place": "Море", "id": 310, "country": "Италия"}, {"distance": 92, "city": "Лесостан", "place": "Офис", "id": 311, "country": "Чили"}, {"distance": 79, "city": "Крондам", "place": "Статуя", "id": 312, "country": "Япония"}, {"distance": 14, "city": "Лесоомск", "place": "Замок", "id": 313, "country": "Индонезия"}, {"distance": 65, "city": "Лесоква", "place": "Дача", "id": 314, "country": "Маврикий"}, {"distance": 29, "city": "Амстерград", "place": "Лес", "id": 315, "country": "Испания"}, {"distance": 13, "city": "Санктгород", "place": "Улочка", "id": 316, "country": "Египет"}, {"distance": 33, "city": "Кронштадт", "place": "Забор", "id": 317, "country": "Непал"}, {"distance": 27, "city": "Санктбирск", "place": "Гараж", "id": 318, "country": "Германия"}, {"distance": 3, "city": "Зеленоанск", "place": "Фонарь", "id": 319, "country": "Шри-Ланка"}, {"distance": 19, "city": "Мосламск", "place": "Улица", "id": 320, "country": "Таиланд"}, {"distance": 3, "city": "Мосатск", "place": "Склон", "id": 321, "country": "Египет"}, {"distance": 3, "city": "Кронинск", "place": "Речка", "id": 322, "country": "Исландия"}, {"distance": 41, "city": "Барсгама", "place": "Уступ", "id": 323, "country": "ЮАР"}, {"distance": 95, "city": "Росква", "place": "Фонтан", "id": 324, "country": "Испания"}, {"distance": 67, "city": "Белгама", "place": "Ратуша", "id": 325, "country": "Казахстан"}, {"distance": 22, "city": "Варламск", "place": "Улочка", "id": 326, "country": "Индия"}, {"distance": 30, "city": "Мосстан", "place": "Набережная", "id": 327, "country": "Австралия"}, {"distance": 66, "city": "Лейпомск", "place": "Мост", "id": 328, "country": "Австралия"}, {"distance": 70, "city": "Варриж", "place": "Море", "id": 329, "country": "Бразилия"}, {"distance": 49, "city": "Мурбон", "place": "Пристань", "id": 330, "country": "Белоруссия"}, {"distance": 34, "city": "Санктриж", "place": "Забор", "id": 331, "country": "Норвегия"}, {"distance": 16, "city": "Лесоанск", "place": "Озеро", "id": 332, "country": "Лаос"}, {"distance": 96, "city": "Санктдорф", "place": "Море", "id": 333, "country": "Камбоджа"}, {"distance": 48, "city": "Варгама", "place": "Скала", "id": 334, "country": "Нидерланды"}, {"distance": 91, "city": "Лиссаово", "place": "Дорожка", "id": 335, "country": "Мальта"}, {"distance": 18, "city": "Санктква", "place": "Фонтан", "id": 336, "country": "Турция"}, {"distance": 10, "city": "Красноштадт", "place": "Пруд", "id": 337, "country": "Румыния"}, {"distance": 71, "city": "Барсдорф", "place": "Парк", "id": 338, "country": "Таиланд"}, {"distance": 73, "city": "Красноярск", "place": "Пруд", "id": 339, "country": "Канада"}, {"distance": 30, "city": "Краснодам", "place": "Забор", "id": 340, "country": "Эстония"}, {"distance": 90, "city": "Новостан", "place": "Речка", "id": 341, "country": "Индонезия"}, {"distance": 15, "city": "Росанск", "place": "Забор", "id": 342, "country": "Франция"}, {"distance": 63, "city": "Краснодорф", "place": "Площадь", "id": 343, "country": "Непал"}, {"distance": 2, "city": "Роттерово", "place": "Могила", "id": 344, "country": "Литва"}, {"distance": 72, "city": "Мурград", "place": "Лес", "id": 345, "country": "Болгария"}, {"distance": 20, "city": "Лиссаелона", "place": "Забор", "id": 346, "country": "Коста-Рика"}, {"distance": 69, "city": "Амстердам", "place": "Замок", "id": 347, "country": "Индия"}, {"distance": 39, "city": "Лейпелона", "place": "Мост", "id": 348, "country": "Лаос"}, {"distance": 16, "city": "Барсовск", "place": "Озеро", "id": 349, "country": "Бруней"}, {"distance": 44, "city": "Лейпсинки", "place": "Лес", "id": 350, "country": "Малайзия"}, {"distance": 86, "city": "Ньюштадт", "place": "Магазин", "id": 351, "country": "Бруней"}, {"distance": 19, "city": "Лейпелона", "place": "Переулок", "id": 352, "country": "Великобритания"}, {"distance": 86, "city": "Амстеромск", "place": "Море", "id": 353, "country": "Литва"}, {"distance": 25, "city": "Зеленоовск", "place": "Магазин", "id": 354, "country": "Грузия"}, {"distance": 21, "city": "Ньюбург", "place": "Озеро", "id": 355, "country": "Италия"}, {"distance": 22, "city": "Росгама", "place": "Статуя", "id": 356, "country": "Венгрия"}, {"distance": 75, "city": "Мосдорф", "place": "Мост", "id": 357, "country": "Новая зеландия"}, {"distance": 67, "city": "Лесоатск", "place": "Набережная", "id": 358, "country": "Индия"}, {"distance": 36, "city": "Волоинск", "place": "Озеро", "id": 359, "country": "Малайзия"}, {"distance": 29, "city": "Росгама", "place": "Озеро", "id": 360, "country": "Мексика"}, {"distance": 60, "city": "Лейпсинки", "place": "Мост", "id": 361, "country": "Камбоджа"}, {"distance": 14, "city": "Зеленоярск", "place": "Уступ", "id": 362, "country": "Армения"}, {"distance": 61, "city": "Амстератск", "place": "Дорожка", "id": 363, "country": "Малайзия"}, {"distance": 3, "city": "Амстеринск", "place": "Гараж", "id": 364, "country": "Эстония"}, {"distance": 92, "city": "Ньюриж", "place": "Переулок", "id": 365, "country": "Израиль"}, {"distance": 78, "city": "Мосбон", "place": "Скала", "id": 366, "country": "Норвегия"}, {"distance": 51, "city": "Зеленоштадт", "place": "Пруд", "id": 367, "country": "Бразилия"}, {"distance": 87, "city": "Барсква", "place": "Ресторан", "id": 368, "country": "Пакистан"}, {"distance": 40, "city": "Белбон", "place": "Уступ", "id": 369, "country": "Казахстан"}, {"distance": 66, "city": "Варлёв", "place": "Фонарь", "id": 370, "country": "Франция"}, {"distance": 67, "city": "Санктово", "place": "Дорожка", "id": 371, "country": "Казахстан"}, {"distance": 5, "city": "Вололамск", "place": "Парк", "id": 372, "country": "Аргентина"}, {"distance": 73, "city": "Варква", "place": "Речка", "id": 373, "country": "Грузия"}, {"distance": 49, "city": "Лиссаштадт", "place": "Переулок", "id": 374, "country": "Греция"}, {"distance": 40, "city": "Ньюгама", "place": "Озеро", "id": 375, "country": "Индия"}, {"distance": 62, "city": "Лейпламск", "place": "Гора", "id": 376, "country": "Канада"}, {"distance": 78, "city": "Лейплёв", "place": "Двор", "id": 377, "country": "Парагвай"}, {"distance": 19, "city": "Барсомск", "place": "Ратуша", "id": 378, "country": "Норвегия"}, {"distance": 95, "city": "Барсбон", "place": "Дача", "id": 379, "country": "Белоруссия"}, {"distance": 47, "city": "Лиссаовск", "place": "Парк", "id": 380, "country": "Парагвай"}, {"distance": 88, "city": "Лиссаламск", "place": "Пристань", "id": 381, "country": "Сейшелы"}, {"distance": 62, "city": "Волоанск", "place": "Поместье", "id": 382, "country": "Китай"}, {"distance": 42, "city": "Росово", "place": "Фонарь", "id": 383, "country": "Парагвай"}, {"distance": 35, "city": "Кронанск", "place": "Озеро", "id": 384, "country": "Камбоджа"}, {"distance": 47, "city": "Росбург", "place": "Ручей", "id": 385, "country": "Индонезия"}, {"distance": 59, "city": "Белдам", "place": "Парк", "id": 386, "country": "Греция"}, {"distance": 1, "city": "Кроново", "place": "Дача", "id": 387, "country": "Италия"}, {"distance": 42, "city": "Лиссастан", "place": "Склон", "id": 388, "country": "Чили"}, {"distance": 11, "city": "Вологород", "place": "Набережная", "id": 389, "country": "Австралия"}, {"distance": 98, "city": "Новоелона", "place": "Поместье", "id": 390, "country": "Маврикий"}, {"distance": 19, "city": "Красноатск", "place": "Ручей", "id": 391, "country": "Румыния"}, {"distance": 91, "city": "Новоанск", "place": "Забор", "id": 392, "country": "Вьетнам"}, {"distance": 27, "city": "Кронбург", "place": "Аэропорт", "id": 393, "country": "Финляндия"}, {"distance": 86, "city": "Амстербург", "place": "Озеро", "id": 394, "country": "Грузия"}, {"distance": 69, "city": "Росстан", "place": "Серпантин", "id": 395, "country": "Армения"}, {"distance": 37, "city": "Лейпово", "place": "Дорожка", "id": 396, "country": "Австралия"}, {"distance": 51, "city": "Амстерово", "place": "Серпантин", "id": 397, "country": "Литва"}, {"distance": 91, "city": "Мосярск", "place": "Дорожка", "id": 398, "country": "Палау"}, {"distance": 11, "city": "Кронинск", "place": "Дорожка", "id": 399, "country": "Австралия"}, {"distance": 57, "city": "Лейпштадт", "place": "Озеро", "id": 400, "country": "Болгария"}, {"distance": 98, "city": "Росгама", "place": "Гора", "id": 401, "country": "Австралия"}, {"distance": 84, "city": "Росомск", "place": "Озеро", "id": 402, "country": "Пакистан"}, {"distance": 15, "city": "Зеленосинки", "place": "Серпантин", "id": 403, "country": "Чили"}, {"distance": 91, "city": "Мосово", "place": "Пристань", "id": 404, "country": "Мексика"}, {"distance": 23, "city": "Мосриж", "place": "Серпантин", "id": 405, "country": "Бразилия"}, {"distance": 65, "city": "Красноламск", "place": "Двор", "id": 406, "country": "Пакистан"}, {"distance": 94, "city": "Роттергама", "place": "Здание", "id": 407, "country": "Непал"}, {"distance": 81, "city": "Кронгород", "place": "Улица", "id": 408, "country": "Канада"}, {"distance": 77, "city": "Новоква", "place": "Гора", "id": 409, "country": "Греция"}, {"distance": 30, "city": "Белбирск", "place": "Могила", "id": 410, "country": "Греция"}, {"distance": 66, "city": "Роттеровск", "place": "Уступ", "id": 411, "country": "Австралия"}, {"distance": 80, "city": "Мосгама", "place": "Дерево", "id": 412, "country": "Египет"}, {"distance": 22, "city": "Новориж", "place": "Улочка", "id": 413, "country": "Мальдивы"}, {"distance": 12, "city": "Красностан", "place": "Лес", "id": 414, "country": "Германия"}, {"distance": 9, "city": "Краснориж", "place": "Двор", "id": 415, "country": "Франция"}, {"distance": 74, "city": "Вологород", "place": "Ратуша", "id": 416, "country": "Коста-Рика"}, {"distance": 52, "city": "Новоатск", "place": "Ручей", "id": 417, "country": "Индия"}, {"distance": 24, "city": "Зеленобирск", "place": "Пристань", "id": 418, "country": "Китай"}, {"distance": 55, "city": "Зеленодам", "place": "Статуя", "id": 419, "country": "Маврикий"}, {"distance": 60, "city": "Ньюелона", "place": "Площадь", "id": 420, "country": "Исландия"}, {"distance": 22, "city": "Санктбон", "place": "Гараж", "id": 421, "country": "Италия"}, {"distance": 26, "city": "Волоанск", "place": "Море", "id": 422, "country": "Германия"}, {"distance": 88, "city": "Зеленобирск", "place": "Замок", "id": 423, "country": "Испания"}, {"distance": 69, "city": "Вололёв", "place": "Улочка", "id": 424, "country": "Швейцария"}, {"distance": 26, "city": "Новоово", "place": "Улица", "id": 425, "country": "Финляндия"}, {"distance": 59, "city": "Санктатск", "place": "Серпантин", "id": 426, "country": "США"}, {"distance": 59, "city": "Росдорф", "place": "Пристань", "id": 427, "country": "Маврикий"}, {"distance": 35, "city": "Новоква", "place": "Могила", "id": 428, "country": "Эстония"}, {"distance": 3, "city": "Ньюламск", "place": "Улочка", "id": 429, "country": "Египет"}, {"distance": 97, "city": "Вололамск", "place": "Аэропорт", "id": 430, "country": "Россия"}, {"distance": 21, "city": "Роттердам", "place": "Озеро", "id": 431, "country": "Германия"}, {"distance": 11, "city": "Зеленоово", "place": "Речка", "id": 432, "country": "Греция"}, {"distance": 72, "city": "Лесодам", "place": "Поместье", "id": 433, "country": "Камбоджа"}, {"distance": 62, "city": "Новоград", "place": "Аэропорт", "id": 434, "country": "Дания"}, {"distance": 42, "city": "Ньюомск", "place": "Озеро", "id": 435, "country": "США"}, {"distance": 44, "city": "Белгама", "place": "Ресторан", "id": 436, "country": "Греция"}, {"distance": 75, "city": "Росдам", "place": "Двор", "id": 437, "country": "Новая зеландия"}, {"distance": 62, "city": "Барсомск", "place": "Здание", "id": 438, "country": "США"}, {"distance": 14, "city": "Новостан", "place": "Гора", "id": 439, "country": "Эстония"}, {"distance": 20, "city": "Амстератск", "place": "Аэропорт", "id": 440, "country": "Украина"}, {"distance": 95, "city": "Ньюштадт", "place": "Гора", "id": 441, "country": "Парагвай"}, {"distance": 28, "city": "Лесоква", "place": "Дорожка", "id": 442, "country": "Румыния"}, {"distance": 36, "city": "Лиссариж", "place": "Забор", "id": 443, "country": "Израиль"}, {"distance": 52, "city": "Барсбон", "place": "Склон", "id": 444, "country": "Белоруссия"}, {"distance": 13, "city": "Волоелона", "place": "Уступ", "id": 445, "country": "ЮАР"}, {"distance": 62, "city": "Мурсинки", "place": "Дерево", "id": 446, "country": "Уругвай"}, {"distance": 97, "city": "Вололамск", "place": "Могила", "id": 447, "country": "Германия"}, {"distance": 90, "city": "Волориж", "place": "Аэропорт", "id": 448, "country": "США"}, {"distance": 7, "city": "Белинск", "place": "Улочка", "id": 449, "country": "Дания"}, {"distance": 33, "city": "Новоштадт", "place": "Пруд", "id": 450, "country": "Швеция"}, {"distance": 80, "city": "Зеленоатск", "place": "Замок", "id": 451, "country": "Греция"}, {"distance": 73, "city": "Зеленоанск", "place": "Серпантин", "id": 452, "country": "Бруней"}, {"distance": 94, "city": "Ньюбирск", "place": "Мост", "id": 453, "country": "Мальдивы"}, {"distance": 2, "city": "Барсовск", "place": "Ресторан", "id": 454, "country": "Сейшелы"}, {"distance": 90, "city": "Вардорф", "place": "Дорожка", "id": 455, "country": "США"}, {"distance": 38, "city": "Лесоинск", "place": "Двор", "id": 456, "country": "Грузия"}, {"distance": 40, "city": "Новоинск", "place": "Фонарь", "id": 457, "country": "Мальдивы"}, {"distance": 89, "city": "Краснориж", "place": "Улица", "id": 458, "country": "Финляндия"}, {"distance": 61, "city": "Лейплёв", "place": "Серпантин", "id": 459, "country": "Россия"}, {"distance": 16, "city": "Барслёв", "place": "Замок", "id": 460, "country": "Швеция"}, {"distance": 79, "city": "Красноламск", "place": "Переулок", "id": 461, "country": "Россия"}, {"distance": 49, "city": "Зеленодам", "place": "Уступ", "id": 462, "country": "Китай"}, {"distance": 99, "city": "Барселона", "place": "Дерево", "id": 463, "country": "Лаос"}, {"distance": 69, "city": "Барсомск", "place": "Забор", "id": 464, "country": "Германия"}, {"distance": 23, "city": "Кронатск", "place": "Пристань", "id": 465, "country": "Мексика"}, {"distance": 64, "city": "Росриж", "place": "Переулок", "id": 466, "country": "Монголия"}, {"distance": 30, "city": "Красногама", "place": "Пруд", "id": 467, "country": "Вьетнам"}, {"distance": 29, "city": "Санктштадт", "place": "Двор", "id": 468, "country": "Казахстан"}, {"distance": 69, "city": "Санктламск", "place": "Аэропорт", "id": 469, "country": "Шри-Ланка"}, {"distance": 68, "city": "Вардам", "place": "Скала", "id": 470, "country": "Китай"}, {"distance": 95, "city": "Белград", "place": "Замок", "id": 471, "country": "Греция"}, {"distance": 60, "city": "Мурбирск", "place": "Гора", "id": 472, "country": "Иордания"}, {"distance": 65, "city": "Лесоомск", "place": "Фонтан", "id": 473, "country": "Германия"}, {"distance": 68, "city": "Краснобон", "place": "Склон", "id": 474, "country": "Шри-Ланка"}, {"distance": 59, "city": "Барсква", "place": "Переулок", "id": 475, "country": "Германия"}, {"distance": 7, "city": "Красногород", "place": "Лес", "id": 476, "country": "Уругвай"}, {"distance": 77, "city": "Красноомск", "place": "Гараж", "id": 477, "country": "Египет"}, {"distance": 58, "city": "Росанск", "place": "Фонтан", "id": 478, "country": "Китай"}, {"distance": 78, "city": "Барсанск", "place": "Аэропорт", "id": 479, "country": "Россия"}, {"distance": 28, "city": "Волоярск", "place": "Фонарь", "id": 480, "country": "Мальдивы"}, {"distance": 56, "city": "Краснобирск", "place": "Море", "id": 481, "country": "Израиль"}, {"distance": 85, "city": "Амстеранск", "place": "Дом", "id": 482, "country": "Румыния"}, {"distance": 52, "city": "Санктстан", "place": "Аэропорт", "id": 483, "country": "Новая зеландия"}, {"distance": 9, "city": "Барсовск", "place": "Двор", "id": 484, "country": "Италия"}, {"distance": 28, "city": "Новодам", "place": "Уступ", "id": 485, "country": "Палау"}, {"distance": 1, "city": "Мосовск", "place": "Пруд", "id": 486, "country": "Шри-Ланка"}, {"distance": 44, "city": "Росстан", "place": "Скала", "id": 487, "country": "Сейшелы"}, {"distance": 19, "city": "Зеленоелона", "place": "Улочка", "id": 488, "country": "Мексика"}, {"distance": 89, "city": "Роттердорф", "place": "Магазин", "id": 489, "country": "Уругвай"}, {"distance": 59, "city": "Лейпелона", "place": "Двор", "id": 490, "country": "Италия"}, {"distance": 9, "city": "Красногама", "place": "Ратуша", "id": 491, "country": "Великобритания"}, {"distance": 14, "city": "Барсква", "place": "Офис", "id": 492, "country": "Фиджи"}, {"distance": 95, "city": "Зеленоомск", "place": "Пристань", "id": 493, "country": "Литва"}, {"distance": 29, "city": "Амстердам", "place": "Пруд", "id": 494, "country": "Великобритания"}, {"distance": 91, "city": "Белдам", "place": "Улица", "id": 495, "country": "Литва"}, {"distance": 99, "city": "Росква", "place": "Статуя", "id": 496, "country": "Мексика"}, {"distance": 49, "city": "Зеленоква", "place": "Фонтан", "id": 497, "country": "Армения"}, {"distance": 87, "city": "Амстергама", "place": "Двор", "id": 498, "country": "Египет"}, {"distance": 6, "city": "Барсярск", "place": "Скала", "id": 499, "country": "Грузия"}, {"distance": 53, "city": "Санктград", "place": "Дорожка", "id": 500, "country": "Казахстан"}, {"distance": 97, "city": "Лесобон", "place": "Переулок", "id": 501, "country": "Лаос"}, {"distance": 15, "city": "Лейпбон", "place": "Фонарь", "id": 502, "country": "Болгария"}, {"distance": 55, "city": "Кронстан", "place": "Серпантин", "id": 503, "country": "Лаос"}, {"distance": 86, "city": "Волоштадт", "place": "Улочка", "id": 504, "country": "Финляндия"}, {"distance": 9, "city": "Росанск", "place": "Переулок", "id": 505, "country": "Канада"}, {"distance": 10, "city": "Лейпгама", "place": "Ресторан", "id": 506, "country": "Финляндия"}, {"distance": 33, "city": "Амстерштадт", "place": "Фонарь", "id": 507, "country": "Иордания"}, {"distance": 31, "city": "Барсдорф", "place": "Мост", "id": 508, "country": "Лаос"}, {"distance": 60, "city": "Санктинск", "place": "Могила", "id": 509, "country": "Турция"}, {"distance": 64, "city": "Зеленогород", "place": "Дом", "id": 510, "country": "Уругвай"}, {"distance": 49, "city": "Росинск", "place": "Пристань", "id": 511, "country": "Венесуэлла"}, {"distance": 13, "city": "Мосомск", "place": "Пристань", "id": 512, "country": "Румыния"}, {"distance": 50, "city": "Росриж", "place": "Двор", "id": 513, "country": "Нидерланды"}, {"distance": 32, "city": "Лесодорф", "place": "Здание", "id": 514, "country": "Латвия"}, {"distance": 37, "city": "Барсбург", "place": "Речка", "id": 515, "country": "Белоруссия"}, {"distance": 89, "city": "Лесоштадт", "place": "Парк", "id": 516, "country": "Грузия"}, {"distance": 32, "city": "Амстерква", "place": "Склон", "id": 517, "country": "Эстония"}, {"distance": 3, "city": "Зеленодам", "place": "Ратуша", "id": 518, "country": "Шри-Ланка"}, {"distance": 100, "city": "Росламск", "place": "Набережная", "id": 519, "country": "Индия"}, {"distance": 25, "city": "Кронсинки", "place": "Озеро", "id": 520, "country": "Франция"}, {"distance": 42, "city": "Краснобург", "place": "Дача", "id": 521, "country": "Болгария"}, {"distance": 22, "city": "Росовск", "place": "Статуя", "id": 522, "country": "Шри-Ланка"}, {"distance": 85, "city": "Кроновск", "place": "Ресторан", "id": 523, "country": "ЮАР"}, {"distance": 28, "city": "Лейпярск", "place": "Серпантин", "id": 524, "country": "Великобритания"}, {"distance": 95, "city": "Амстергород", "place": "Мост", "id": 525, "country": "Китай"}, {"distance": 10, "city": "Лесоелона", "place": "Море", "id": 526, "country": "Румыния"}, {"distance": 81, "city": "Санктстан", "place": "Площадь", "id": 527, "country": "Белоруссия"}, {"distance": 88, "city": "Волоомск", "place": "Мост", "id": 528, "country": "Исландия"}, {"distance": 37, "city": "Волориж", "place": "Ратуша", "id": 529, "country": "Венесуэлла"}, {"distance": 76, "city": "Амстергород", "place": "Магазин", "id": 530, "country": "Бразилия"}, {"distance": 51, "city": "Зеленоанск", "place": "Магазин", "id": 531, "country": "Аргентина"}, {"distance": 59, "city": "Ньюово", "place": "Забор", "id": 532, "country": "Литва"}, {"distance": 88, "city": "Волоатск", "place": "Двор", "id": 533, "country": "Таиланд"}, {"distance": 70, "city": "Белдам", "place": "Дорожка", "id": 534, "country": "Латвия"}, {"distance": 37, "city": "Лесодам", "place": "Дерево", "id": 535, "country": "США"}, {"distance": 63, "city": "Лиссалёв", "place": "Двор", "id": 536, "country": "Сейшелы"}, {"distance": 80, "city": "Росово", "place": "Аэропорт", "id": 537, "country": "Швейцария"}, {"distance": 65, "city": "Росдорф", "place": "Поместье", "id": 538, "country": "Бруней"}, {"distance": 45, "city": "Зеленоква", "place": "Речка", "id": 539, "country": "Маврикий"}, {"distance": 64, "city": "Лесодам", "place": "Дерево", "id": 540, "country": "Греция"}, {"distance": 39, "city": "Ньюсинки", "place": "Гора", "id": 541, "country": "Новая зеландия"}, {"distance": 76, "city": "Амстератск", "place": "Офис", "id": 542, "country": "Китай"}, {"distance": 51, "city": "Новоград", "place": "Улочка", "id": 543, "country": "Таиланд"}, {"distance": 51, "city": "Белбон", "place": "Ратуша", "id": 544, "country": "Лаос"}, {"distance": 95, "city": "Ньюбург", "place": "Ратуша", "id": 545, "country": "Швеция"}, {"distance": 51, "city": "Лесоелона", "place": "Офис", "id": 546, "country": "Новая зеландия"}, {"distance": 46, "city": "Росгород", "place": "Дом", "id": 547, "country": "Швейцария"}, {"distance": 99, "city": "Лиссалёв", "place": "Скала", "id": 548, "country": "Мальдивы"}, {"distance": 55, "city": "Кронриж", "place": "Скала", "id": 549, "country": "Венгрия"}, {"distance": 77, "city": "Росово", "place": "Ресторан", "id": 550, "country": "Китай"}, {"distance": 31, "city": "Росдам", "place": "Мост", "id": 551, "country": "Швейцария"}, {"distance": 47, "city": "Зеленодам", "place": "Уступ", "id": 552, "country": "Италия"}, {"distance": 86, "city": "Белгама", "place": "Ратуша", "id": 553, "country": "Чили"}, {"distance": 1, "city": "Белсинки", "place": "Озеро", "id": 554, "country": "Франция"}, {"distance": 49, "city": "Лиссабон", "place": "Речка", "id": 555, "country": "Грузия"}, {"distance": 15, "city": "Варстан", "place": "Дерево", "id": 556, "country": "ЮАР"}, {"distance": 24, "city": "Новоярск", "place": "Скала", "id": 557, "country": "Франция"}, {"distance": 78, "city": "Ньюярск", "place": "Ратуша", "id": 558, "country": "Канада"}, {"distance": 81, "city": "Белярск", "place": "Серпантин", "id": 559, "country": "Чили"}, {"distance": 46, "city": "Волоград", "place": "Двор", "id": 560, "country": "Лаос"}, {"distance": 37, "city": "Барсград", "place": "Склон", "id": 561, "country": "Германия"}, {"distance": 66, "city": "Лесоярск", "place": "Фонтан", "id": 562, "country": "Россия"}, {"distance": 85, "city": "Лиссаатск", "place": "Дом", "id": 563, "country": "Палау"}, {"distance": 72, "city": "Кронбирск", "place": "Дом", "id": 564, "country": "Швейцария"}, {"distance": 33, "city": "Барсдам", "place": "Офис", "id": 565, "country": "Таиланд"}, {"distance": 41, "city": "Моссинки", "place": "Набережная", "id": 566, "country": "Бразилия"}, {"distance": 89, "city": "Россинки", "place": "Забор", "id": 567, "country": "Израиль"}, {"distance": 90, "city": "Барсриж", "place": "Ратуша", "id": 568, "country": "Испания"}, {"distance": 54, "city": "Белово", "place": "Склон", "id": 569, "country": "Индонезия"}, {"distance": 88, "city": "Волориж", "place": "Парк", "id": 570, "country": "Исландия"}, {"distance": 76, "city": "Росбург", "place": "Дерево", "id": 571, "country": "Парагвай"}, {"distance": 92, "city": "Белштадт", "place": "Море", "id": 572, "country": "Фиджи"}, {"distance": 87, "city": "Варово", "place": "Лес", "id": 573, "country": "Мальта"}, {"distance": 93, "city": "Белбург", "place": "Дерево", "id": 574, "country": "Чили"}, {"distance": 37, "city": "Лейпбург", "place": "Уступ", "id": 575, "country": "Аргентина"}, {"distance": 95, "city": "Барсбирск", "place": "Парк", "id": 576, "country": "Коста-Рика"}, {"distance": 73, "city": "Варярск", "place": "Статуя", "id": 577, "country": "Маврикий"}, {"distance": 32, "city": "Амстерсинки", "place": "Склон", "id": 578, "country": "Финляндия"}, {"distance": 90, "city": "Зеленоовск", "place": "Замок", "id": 579, "country": "Швеция"}, {"distance": 4, "city": "Красногород", "place": "Набережная", "id": 580, "country": "Россия"}, {"distance": 34, "city": "Лейпсинки", "place": "Аэропорт", "id": 581, "country": "Румыния"}, {"distance": 34, "city": "Кронсинки", "place": "Море", "id": 582, "country": "Уругвай"}, {"distance": 9, "city": "Варква", "place": "Статуя", "id": 583, "country": "Австралия"}, {"distance": 50, "city": "Мосриж", "place": "Дерево", "id": 584, "country": "Австралия"}, {"distance": 9, "city": "Лесоярск", "place": "Склон", "id": 585, "country": "США"}, {"distance": 99, "city": "Санктква", "place": "Ручей", "id": 586, "country": "Китай"}, {"distance": 44, "city": "Мурлёв", "place": "Фонарь", "id": 587, "country": "Эстония"}, {"distance": 92, "city": "Муромск", "place": "Дорожка", "id": 588, "country": "Латвия"}, {"distance": 91, "city": "Ньюриж", "place": "Уступ", "id": 589, "country": "Коста-Рика"}, {"distance": 90, "city": "Новоламск", "place": "Гора", "id": 590, "country": "Лаос"}, {"distance": 64, "city": "Лесоомск", "place": "Могила", "id": 591, "country": "Норвегия"}, {"distance": 98, "city": "Роттерово", "place": "Гараж", "id": 592, "country": "Непал"}, {"distance": 42, "city": "Новобон", "place": "Лес", "id": 593, "country": "Мексика"}, {"distance": 89, "city": "Росштадт", "place": "Склон", "id": 594, "country": "Германия"}, {"distance": 22, "city": "Санктштадт", "place": "Гора", "id": 595, "country": "Таиланд"}, {"distance": 59, "city": "Варстан", "place": "Пруд", "id": 596, "country": "Фиджи"}, {"distance": 4, "city": "Кронстан", "place": "Забор", "id": 597, "country": "Грузия"}, {"distance": 31, "city": "Мосбург", "place": "Гора", "id": 598, "country": "Мальта"}, {"distance": 36, "city": "Лесоламск", "place": "Дерево", "id": 599, "country": "Норвегия"}, {"distance": 24, "city": "Роттерриж", "place": "Гараж", "id": 600, "country": "Индонезия"}, {"distance": 51, "city": "Лиссагама", "place": "Склон", "id": 601, "country": "Сейшелы"}, {"distance": 48, "city": "Барсомск", "place": "Магазин", "id": 602, "country": "Мальта"}, {"distance": 77, "city": "Лесогород", "place": "Фонтан", "id": 603, "country": "Сейшелы"}, {"distance": 80, "city": "Ньюгород", "place": "Уступ", "id": 604, "country": "Уругвай"}, {"distance": 89, "city": "Ньюатск", "place": "Море", "id": 605, "country": "Дания"}, {"distance": 96, "city": "Волоярск", "place": "Замок", "id": 606, "country": "США"}, {"distance": 82, "city": "Росштадт", "place": "Речка", "id": 607, "country": "Новая зеландия"}, {"distance": 22, "city": "Лиссагама", "place": "Дом", "id": 608, "country": "ЮАР"}, {"distance": 72, "city": "Крондорф", "place": "Ручей", "id": 609, "country": "Египет"}, {"distance": 12, "city": "Мосомск", "place": "Ручей", "id": 610, "country": "Непал"}, {"distance": 31, "city": "Лесоград", "place": "Фонарь", "id": 611, "country": "Иордания"}, {"distance": 12, "city": "Зеленориж", "place": "Пристань", "id": 612, "country": "Казахстан"}, {"distance": 3, "city": "Новолёв", "place": "Улица", "id": 613, "country": "Чили"}, {"distance": 30, "city": "Амстератск", "place": "Ручей", "id": 614, "country": "Фиджи"}, {"distance": 87, "city": "Мосгама", "place": "Фонарь", "id": 615, "country": "Венгрия"}, {"distance": 77, "city": "Кронсинки", "place": "Ратуша", "id": 616, "country": "Великобритания"}, {"distance": 28, "city": "Лиссагама", "place": "Дерево", "id": 617, "country": "США"}, {"distance": 18, "city": "Новогород", "place": "Фонтан", "id": 618, "country": "Турция"}, {"distance": 13, "city": "Росбург", "place": "Набережная", "id": 619, "country": "Новая зеландия"}, {"distance": 27, "city": "Мосомск", "place": "Фонтан", "id": 620, "country": "Египет"}, {"distance": 76, "city": "Моселона", "place": "Ручей", "id": 621, "country": "Чили"}, {"distance": 87, "city": "Белбирск", "place": "Аэропорт", "id": 622, "country": "Эстония"}, {"distance": 30, "city": "Ньюелона", "place": "Статуя", "id": 623, "country": "Франция"}, {"distance": 94, "city": "Зеленоярск", "place": "Фонарь", "id": 624, "country": "Непал"}, {"distance": 47, "city": "Белстан", "place": "Ресторан", "id": 625, "country": "Индонезия"}, {"distance": 25, "city": "Лейпсинки", "place": "Улочка", "id": 626, "country": "Индонезия"}, {"distance": 68, "city": "Лесогама", "place": "Дорожка", "id": 627, "country": "Коста-Рика"}, {"distance": 56, "city": "Новодам", "place": "Озеро", "id": 628, "country": "Финляндия"}, {"distance": 13, "city": "Варбирск", "place": "Пруд", "id": 629, "country": "Лаос"}, {"distance": 92, "city": "Мурярск", "place": "Площадь", "id": 630, "country": "Нидерланды"}, {"distance": 20, "city": "Лейпбон", "place": "Поместье", "id": 631, "country": "Коста-Рика"}, {"distance": 94, "city": "Лиссасинки", "place": "Улица", "id": 632, "country": "Канада"}, {"distance": 89, "city": "Ньюанск", "place": "Офис", "id": 633, "country": "Непал"}, {"distance": 26, "city": "Кронбург", "place": "Мост", "id": 634, "country": "Коста-Рика"}, {"distance": 13, "city": "Кронярск", "place": "Переулок", "id": 635, "country": "Фиджи"}, {"distance": 6, "city": "Мосово", "place": "Серпантин", "id": 636, "country": "Аргентина"}, {"distance": 84, "city": "Мурлёв", "place": "Склон", "id": 637, "country": "Новая зеландия"}, {"distance": 23, "city": "Барсква", "place": "Улочка", "id": 638, "country": "Швеция"}, {"distance": 42, "city": "Волоомск", "place": "Ратуша", "id": 639, "country": "Малайзия"}, {"distance": 51, "city": "Барсриж", "place": "Мост", "id": 640, "country": "Грузия"}, {"distance": 75, "city": "Санктламск", "place": "Статуя", "id": 641, "country": "ЮАР"}, {"distance": 58, "city": "Зеленодам", "place": "Площадь", "id": 642, "country": "Палау"}, {"distance": 22, "city": "Краснодорф", "place": "Дорожка", "id": 643, "country": "Венгрия"}, {"distance": 18, "city": "Мосламск", "place": "Офис", "id": 644, "country": "Швейцария"}, {"distance": 66, "city": "Лейпдам", "place": "Озеро", "id": 645, "country": "Канада"}, {"distance": 15, "city": "Лейпбург", "place": "Аэропорт", "id": 646, "country": "Швейцария"}, {"distance": 75, "city": "Варярск", "place": "Скала", "id": 647, "country": "Монголия"}, {"distance": 90, "city": "Лиссаламск", "place": "Море", "id": 648, "country": "Аргентина"}, {"distance": 68, "city": "Белярск", "place": "Пристань", "id": 649, "country": "Индонезия"}, {"distance": 22, "city": "Амстербург", "place": "Улочка", "id": 650, "country": "Дания"}, {"distance": 19, "city": "Лейпгород", "place": "Замок", "id": 651, "country": "Венгрия"}, {"distance": 39, "city": "Лейпсинки", "place": "Переулок", "id": 652, "country": "Бразилия"}, {"distance": 21, "city": "Лиссаштадт", "place": "Аэропорт", "id": 653, "country": "Индия"}, {"distance": 48, "city": "Вололёв", "place": "Фонтан", "id": 654, "country": "Канада"}, {"distance": 48, "city": "Волоомск", "place": "Пристань", "id": 655, "country": "Новая зеландия"}, {"distance": 13, "city": "Ньюярск", "place": "Дом", "id": 656, "country": "Швейцария"}, {"distance": 3, "city": "Белква", "place": "Переулок", "id": 657, "country": "Парагвай"}, {"distance": 53, "city": "Красностан", "place": "Склон", "id": 658, "country": "Шри-Ланка"}, {"distance": 48, "city": "Лесобург", "place": "Двор", "id": 659, "country": "Аргентина"}, {"distance": 52, "city": "Санктгород", "place": "Пруд", "id": 660, "country": "Бруней"}, {"distance": 12, "city": "Ньюстан", "place": "Ресторан", "id": 661, "country": "Китай"}, {"distance": 66, "city": "Лейпанск", "place": "Мост", "id": 662, "country": "Маврикий"}, {"distance": 26, "city": "Санктдам", "place": "Офис", "id": 663, "country": "Мальдивы"}, {"distance": 28, "city": "Роттерлёв", "place": "Улочка", "id": 664, "country": "Палау"}, {"distance": 89, "city": "Лиссаелона", "place": "Озеро", "id": 665, "country": "Белоруссия"}, {"distance": 52, "city": "Амстерярск", "place": "Пруд", "id": 666, "country": "Египет"}, {"distance": 54, "city": "Мосярск", "place": "Скала", "id": 667, "country": "Норвегия"}, {"distance": 10, "city": "Волоинск", "place": "Фонарь", "id": 668, "country": "США"}, {"distance": 18, "city": "Мосярск", "place": "Статуя", "id": 669, "country": "Австралия"}, {"distance": 16, "city": "Ньюсинки", "place": "Забор", "id": 670, "country": "Швеция"}, {"distance": 70, "city": "Вардам", "place": "Фонарь", "id": 671, "country": "Румыния"}, {"distance": 94, "city": "Белбург", "place": "Ратуша", "id": 672, "country": "США"}, {"distance": 67, "city": "Красноярск", "place": "Уступ", "id": 673, "country": "Эстония"}, {"distance": 19, "city": "Мосгород", "place": "Дерево", "id": 674, "country": "Лаос"}, {"distance": 74, "city": "Лиссаград", "place": "Дача", "id": 675, "country": "Мальта"}, {"distance": 54, "city": "Амстеровск", "place": "Двор", "id": 676, "country": "Турция"}, {"distance": 41, "city": "Амстерриж", "place": "Парк", "id": 677, "country": "Новая зеландия"}, {"distance": 69, "city": "Крондорф", "place": "Уступ", "id": 678, "country": "Испания"}, {"distance": 67, "city": "Санктанск", "place": "Аэропорт", "id": 679, "country": "Италия"}, {"distance": 54, "city": "Варград", "place": "Ручей", "id": 680, "country": "Фиджи"}, {"distance": 73, "city": "Барсштадт", "place": "Парк", "id": 681, "country": "Турция"}, {"distance": 13, "city": "Новоярск", "place": "Забор", "id": 682, "country": "Непал"}, {"distance": 89, "city": "Роттергород", "place": "Замок", "id": 683, "country": "Турция"}, {"distance": 68, "city": "Белинск", "place": "Море", "id": 684, "country": "Грузия"}, {"distance": 58, "city": "Вололёв", "place": "Речка", "id": 685, "country": "Эстония"}, {"distance": 55, "city": "Мосярск", "place": "Площадь", "id": 686, "country": "Индонезия"}, {"distance": 95, "city": "Белярск", "place": "Склон", "id": 687, "country": "Египет"}, {"distance": 82, "city": "Росбирск", "place": "Ручей", "id": 688, "country": "Малайзия"}, {"distance": 54, "city": "Росква", "place": "Улочка", "id": 689, "country": "Палау"}, {"distance": 80, "city": "Роттерстан", "place": "Гараж", "id": 690, "country": "Украина"}, {"distance": 67, "city": "Роттерград", "place": "Серпантин", "id": 691, "country": "Норвегия"}, {"distance": 31, "city": "Амстерква", "place": "Дача", "id": 692, "country": "Франция"}, {"distance": 98, "city": "Волостан", "place": "Статуя", "id": 693, "country": "Венесуэлла"}, {"distance": 53, "city": "Роттерстан", "place": "Уступ", "id": 694, "country": "Индонезия"}, {"distance": 71, "city": "Новогама", "place": "Здание", "id": 695, "country": "Чили"}, {"distance": 34, "city": "Новоярск", "place": "Улочка", "id": 696, "country": "Маврикий"}, {"distance": 35, "city": "Ньюсинки", "place": "Склон", "id": 697, "country": "Маврикий"}, {"distance": 6, "city": "Красноелона", "place": "Ратуша", "id": 698, "country": "Швейцария"}, {"distance": 25, "city": "Барсград", "place": "Мост", "id": 699, "country": "Япония"}, {"distance": 21, "city": "Новоелона", "place": "Ратуша", "id": 700, "country": "Индия"}, {"distance": 28, "city": "Мосламск", "place": "Магазин", "id": 701, "country": "Мексика"}, {"distance": 49, "city": "Белгама", "place": "Мост", "id": 702, "country": "Швейцария"}, {"distance": 41, "city": "Белгород", "place": "Переулок", "id": 703, "country": "Чили"}, {"distance": 53, "city": "Кронбон", "place": "Дом", "id": 704, "country": "Вьетнам"}, {"distance": 94, "city": "Росбирск", "place": "Ратуша", "id": 705, "country": "Швеция"}, {"distance": 31, "city": "Мосриж", "place": "Дом", "id": 706, "country": "Швейцария"}, {"distance": 60, "city": "Новобирск", "place": "Уступ", "id": 707, "country": "Италия"}, {"distance": 66, "city": "Варград", "place": "Замок", "id": 708, "country": "Мексика"}, {"distance": 39, "city": "Мургород", "place": "Склон", "id": 709, "country": "Бруней"}, {"distance": 61, "city": "Зеленосинки", "place": "Фонтан", "id": 710, "country": "Аргентина"}, {"distance": 7, "city": "Волориж", "place": "Двор", "id": 711, "country": "Непал"}, {"distance": 29, "city": "Новоштадт", "place": "Ресторан", "id": 712, "country": "Египет"}, {"distance": 25, "city": "Санктдам", "place": "Магазин", "id": 713, "country": "Казахстан"}, {"distance": 1, "city": "Зеленоламск", "place": "Уступ", "id": 714, "country": "Фиджи"}, {"distance": 60, "city": "Лиссаово", "place": "Парк", "id": 715, "country": "Канада"}, {"distance": 76, "city": "Барсатск", "place": "Уступ", "id": 716, "country": "Китай"}, {"distance": 14, "city": "Мурбон", "place": "Улица", "id": 717, "country": "Китай"}, {"distance": 71, "city": "Росово", "place": "Улица", "id": 718, "country": "Норвегия"}, {"distance": 9, "city": "Роттерград", "place": "Забор", "id": 719, "country": "Япония"}, {"distance": 29, "city": "Красногород", "place": "Аэропорт", "id": 720, "country": "Россия"}, {"distance": 73, "city": "Росград", "place": "Ресторан", "id": 721, "country": "Греция"}, {"distance": 15, "city": "Белсинки", "place": "Серпантин", "id": 722, "country": "Греция"}, {"distance": 99, "city": "Санктштадт", "place": "Речка", "id": 723, "country": "Армения"}, {"distance": 52, "city": "Санктатск", "place": "Двор", "id": 724, "country": "Иордания"}, {"distance": 85, "city": "Санктанск", "place": "Могила", "id": 725, "country": "Индонезия"}, {"distance": 98, "city": "Ньюриж", "place": "Склон", "id": 726, "country": "Индия"}, {"distance": 12, "city": "Мурква", "place": "Уступ", "id": 727, "country": "Литва"}, {"distance": 46, "city": "Мосград", "place": "Пруд", "id": 728, "country": "Малайзия"}, {"distance": 39, "city": "Лиссабон", "place": "Двор", "id": 729, "country": "Австралия"}, {"distance": 3, "city": "Белква", "place": "Улочка", "id": 730, "country": "Непал"}, {"distance": 62, "city": "Мосинск", "place": "Улица", "id": 731, "country": "США"}, {"distance": 48, "city": "Амстерриж", "place": "Фонтан", "id": 732, "country": "Новая зеландия"}, {"distance": 23, "city": "Амстердам", "place": "Пруд", "id": 733, "country": "Казахстан"}, {"distance": 12, "city": "Барсярск", "place": "Улочка", "id": 734, "country": "Казахстан"}, {"distance": 33, "city": "Амстердам", "place": "Парк", "id": 735, "country": "Япония"}, {"distance": 22, "city": "Лесогама", "place": "Склон", "id": 736, "country": "Австралия"}, {"distance": 8, "city": "Барслёв", "place": "Статуя", "id": 737, "country": "Швейцария"}, {"distance": 64, "city": "Лейпгород", "place": "Магазин", "id": 738, "country": "Грузия"}, {"distance": 45, "city": "Красногород", "place": "Улочка", "id": 739, "country": "Венесуэлла"}, {"distance": 83, "city": "Ньюовск", "place": "Поместье", "id": 740, "country": "Финляндия"}, {"distance": 66, "city": "Мурдорф", "place": "Ратуша", "id": 741, "country": "Франция"}, {"distance": 24, "city": "Лиссаелона", "place": "Серпантин", "id": 742, "country": "Италия"}, {"distance": 27, "city": "Лесодам", "place": "Замок", "id": 743, "country": "Лаос"}, {"distance": 63, "city": "Кронштадт", "place": "Дом", "id": 744, "country": "Мексика"}, {"distance": 89, "city": "Муровск", "place": "Ручей", "id": 745, "country": "Иордания"}, {"distance": 27, "city": "Моссинки", "place": "Ручей", "id": 746, "country": "Румыния"}, {"distance": 97, "city": "Моселона", "place": "Улочка", "id": 747, "country": "Палау"}, {"distance": 71, "city": "Лиссаелона", "place": "Улица", "id": 748, "country": "Испания"}, {"distance": 96, "city": "Барсинск", "place": "Фонтан", "id": 749, "country": "Индонезия"}, {"distance": 40, "city": "Новоелона", "place": "Озеро", "id": 750, "country": "Иордания"}, {"distance": 90, "city": "Волоинск", "place": "Улочка", "id": 751, "country": "Великобритания"}, {"distance": 63, "city": "Новобирск", "place": "Парк", "id": 752, "country": "Лаос"}, {"distance": 49, "city": "Санктово", "place": "Пристань", "id": 753, "country": "Белоруссия"}, {"distance": 79, "city": "Новоелона", "place": "Склон", "id": 754, "country": "Казахстан"}, {"distance": 1, "city": "Лиссабирск", "place": "Набережная", "id": 755, "country": "Пакистан"}, {"distance": 95, "city": "Санктгород", "place": "Забор", "id": 756, "country": "Армения"}, {"distance": 67, "city": "Володам", "place": "Улица", "id": 757, "country": "Уругвай"}, {"distance": 66, "city": "Мосштадт", "place": "Море", "id": 758, "country": "Россия"}, {"distance": 2, "city": "Варбирск", "place": "Море", "id": 759, "country": "Сейшелы"}, {"distance": 97, "city": "Ньюштадт", "place": "Дом", "id": 760, "country": "Таиланд"}, {"distance": 84, "city": "Ньюбург", "place": "Мост", "id": 761, "country": "Монголия"}, {"distance": 35, "city": "Барсштадт", "place": "Статуя", "id": 762, "country": "Латвия"}, {"distance": 78, "city": "Лесогама", "place": "Здание", "id": 763, "country": "Греция"}, {"distance": 7, "city": "Санктриж", "place": "Ручей", "id": 764, "country": "Мальта"}, {"distance": 74, "city": "Ньюсинки", "place": "Лес", "id": 765, "country": "Палау"}, {"distance": 69, "city": "Лесоовск", "place": "Море", "id": 766, "country": "Мальдивы"}, {"distance": 33, "city": "Росбург", "place": "Скала", "id": 767, "country": "Россия"}, {"distance": 98, "city": "Мурлёв", "place": "Гараж", "id": 768, "country": "Коста-Рика"}, {"distance": 14, "city": "Варярск", "place": "Переулок", "id": 769, "country": "Япония"}, {"distance": 5, "city": "Мосовск", "place": "Переулок", "id": 770, "country": "ЮАР"}, {"distance": 54, "city": "Ньюбург", "place": "Ручей", "id": 771, "country": "Венесуэлла"}, {"distance": 56, "city": "Муринск", "place": "Улица", "id": 772, "country": "Эстония"}, {"distance": 62, "city": "Роттерово", "place": "Замок", "id": 773, "country": "Аргентина"}, {"distance": 18, "city": "Мурштадт", "place": "Дом", "id": 774, "country": "США"}, {"distance": 17, "city": "Барсовск", "place": "Набережная", "id": 775, "country": "Дания"}, {"distance": 34, "city": "Кронанск", "place": "Ресторан", "id": 776, "country": "Иордания"}, {"distance": 5, "city": "Мосстан", "place": "Двор", "id": 777, "country": "Италия"}, {"distance": 32, "city": "Росдам", "place": "Статуя", "id": 778, "country": "Грузия"}, {"distance": 96, "city": "Роттерстан", "place": "Забор", "id": 779, "country": "Китай"}, {"distance": 11, "city": "Ньюбирск", "place": "Переулок", "id": 780, "country": "Индия"}, {"distance": 84, "city": "Роттеранск", "place": "Гараж", "id": 781, "country": "Бруней"}, {"distance": 82, "city": "Варелона", "place": "Фонарь", "id": 782, "country": "Венгрия"}, {"distance": 52, "city": "Красноква", "place": "Фонарь", "id": 783, "country": "Германия"}, {"distance": 7, "city": "Волоелона", "place": "Пристань", "id": 784, "country": "Монголия"}, {"distance": 12, "city": "Белдорф", "place": "Офис", "id": 785, "country": "Румыния"}, {"distance": 55, "city": "Новоомск", "place": "Уступ", "id": 786, "country": "Украина"}, {"distance": 89, "city": "Ньюатск", "place": "Гора", "id": 787, "country": "Финляндия"}, {"distance": 94, "city": "Санктбон", "place": "Лес", "id": 788, "country": "Швеция"}, {"distance": 22, "city": "Зеленобирск", "place": "Мост", "id": 789, "country": "Новая зеландия"}, {"distance": 43, "city": "Кронгород", "place": "Мост", "id": 790, "country": "Бруней"}, {"distance": 21, "city": "Санктанск", "place": "Море", "id": 791, "country": "Греция"}, {"distance": 9, "city": "Лесобирск", "place": "Дерево", "id": 792, "country": "Непал"}, {"distance": 98, "city": "Новобирск", "place": "Море", "id": 793, "country": "Бразилия"}, {"distance": 77, "city": "Барсбон", "place": "Здание", "id": 794, "country": "Латвия"}, {"distance": 20, "city": "Амстерград", "place": "Пруд", "id": 795, "country": "Пакистан"}, {"distance": 14, "city": "Белштадт", "place": "Могила", "id": 796, "country": "Малайзия"}, {"distance": 70, "city": "Красногама", "place": "Дача", "id": 797, "country": "ЮАР"}, {"distance": 84, "city": "Варлёв", "place": "Гараж", "id": 798, "country": "Шри-Ланка"}, {"distance": 82, "city": "Красноелона", "place": "Ручей", "id": 799, "country": "Латвия"}, {"distance": 9, "city": "Роттерламск", "place": "Переулок", "id": 800, "country": "Грузия"}, {"distance": 28, "city": "Кронбирск", "place": "Скала", "id": 801, "country": "ЮАР"}, {"distance": 44, "city": "Амстерелона", "place": "Дерево", "id": 802, "country": "Армения"}, {"distance": 58, "city": "Волобон", "place": "Статуя", "id": 803, "country": "Эстония"}, {"distance": 95, "city": "Лиссаелона", "place": "Улочка", "id": 804, "country": "Латвия"}, {"distance": 58, "city": "Лиссабирск", "place": "Пруд", "id": 805, "country": "Индия"}, {"distance": 84, "city": "Лейпанск", "place": "Дорожка", "id": 806, "country": "Уругвай"}, {"distance": 21, "city": "Красноштадт", "place": "Дом", "id": 807, "country": "Маврикий"}, {"distance": 87, "city": "Краснобург", "place": "Ресторан", "id": 808, "country": "Армения"}, {"distance": 43, "city": "Лейпград", "place": "Ресторан", "id": 809, "country": "Дания"}, {"distance": 66, "city": "Лесосинки", "place": "Улица", "id": 810, "country": "Лаос"}, {"distance": 84, "city": "Крондорф", "place": "Улица", "id": 811, "country": "Египет"}, {"distance": 50, "city": "Беланск", "place": "Мост", "id": 812, "country": "Китай"}, {"distance": 96, "city": "Барсярск", "place": "Замок", "id": 813, "country": "Египет"}, {"distance": 53, "city": "Варярск", "place": "Пруд", "id": 814, "country": "Мексика"}, {"distance": 16, "city": "Красносинки", "place": "Море", "id": 815, "country": "Белоруссия"}, {"distance": 64, "city": "Лейпелона", "place": "Фонарь", "id": 816, "country": "Грузия"}, {"distance": 58, "city": "Варриж", "place": "Статуя", "id": 817, "country": "Финляндия"}, {"distance": 100, "city": "Мурбон", "place": "Речка", "id": 818, "country": "Маврикий"}, {"distance": 18, "city": "Варриж", "place": "Озеро", "id": 819, "country": "Лаос"}, {"distance": 61, "city": "Беловск", "place": "Озеро", "id": 820, "country": "Великобритания"}, {"distance": 3, "city": "Кронярск", "place": "Уступ", "id": 821, "country": "Коста-Рика"}, {"distance": 8, "city": "Лесостан", "place": "Мост", "id": 822, "country": "Исландия"}, {"distance": 90, "city": "Мосриж", "place": "Ручей", "id": 823, "country": "Таиланд"}, {"distance": 97, "city": "Кронинск", "place": "Аэропорт", "id": 824, "country": "Коста-Рика"}, {"distance": 57, "city": "Амстеринск", "place": "Дача", "id": 825, "country": "Греция"}, {"distance": 62, "city": "Мосатск", "place": "Офис", "id": 826, "country": "Украина"}, {"distance": 5, "city": "Санктбург", "place": "Склон", "id": 827, "country": "Камбоджа"}, {"distance": 90, "city": "Роттерстан", "place": "Море", "id": 828, "country": "Испания"}]}